{"cameraMode":{"drawMode":0,"name":"Shaded","section":"Shading Mode"},"sceneLighting":false,"audioPlay":false,"sceneViewState":{"m_AlwaysRefresh":false,"showFog":true,"showSkybox":false,"showFlares":true,"showImageEffects":true,"showParticleSystems":true,"showVisualEffectGraphs":true,"m_FxEnabled":true},"in2DMode":false,"pivot":{"x":-3.2331929206848146,"y":8.203409194946289,"z":-10.246081352233887},"rotation":{"x":-0.22655309736728669,"y":-0.12265012413263321,"z":0.028763065114617349,"w":-0.9658408761024475},"size":1.405432105064392,"orthographic":false}