{"cameraMode":{"drawMode":0,"name":"Shaded","section":"Shading Mode"},"sceneLighting":true,"audioPlay":false,"sceneViewState":{"m_AlwaysRefresh":false,"showFog":true,"showSkybox":true,"showFlares":true,"showImageEffects":true,"showParticleSystems":true,"showVisualEffectGraphs":true,"m_FxEnabled":true},"in2DMode":false,"pivot":{"x":0.8857226371765137,"y":5.314584732055664,"z":-0.08781802654266358},"rotation":{"x":-0.059338442981243137,"y":-0.03025188483297825,"z":0.0018114646663889289,"w":-0.9978111982345581},"size":14.602258682250977,"orthographic":false}