{"cameraMode":{"drawMode":0,"name":"Shaded","section":"Shading Mode"},"sceneLighting":false,"audioPlay":false,"sceneViewState":{"m_AlwaysRefresh":false,"showFog":true,"showSkybox":false,"showFlares":true,"showImageEffects":true,"showParticleSystems":true,"showVisualEffectGraphs":true,"m_FxEnabled":true},"in2DMode":false,"pivot":{"x":0.20192460715770722,"y":-0.5742471814155579,"z":0.7749350666999817},"rotation":{"x":0.39096012711524966,"y":-0.429950088262558,"z":0.21409167349338532,"w":0.7851538062095642},"size":3.116898775100708,"orthographic":false}