{"cameraMode":{"drawMode":0,"name":"Shaded","section":"Shading Mode"},"sceneLighting":false,"audioPlay":false,"sceneViewState":{"m_AlwaysRefresh":false,"showFog":true,"showSkybox":false,"showFlares":true,"showImageEffects":true,"showParticleSystems":true,"showVisualEffectGraphs":true,"m_FxEnabled":true},"in2DMode":false,"pivot":{"x":-0.3686251640319824,"y":2.200181484222412,"z":0.2181410789489746},"rotation":{"x":-0.12208837270736695,"y":0.011601665057241917,"z":-0.0014311434933915735,"w":-0.9924731850624085},"size":5.277534008026123,"orthographic":false}